{
  "raw": {
    "mae": 0.0013800166188167363,
    "rmse": 0.0029286178027068985,
    "spearman": 0.28106707929142477
  },
  "calibrated": {
    "mae": 0.0011700831440143282,
    "rmse": 0.0023817139953733924,
    "spearman": 0.7480865797698069
  }
}