{
  "cv": "ShuffleSplit(10, 40%)",
  "n_samples": 28,
  "n_features": 39,
  "fold_sizes": [
    12,
    12,
    12,
    12,
    12,
    12,
    12,
    12,
    12,
    12
  ],
  "baseline": {
    "r2_mean": -0.027272727272727382,
    "r2_std": 0.04165977904505326,
    "rmse_mean": 0.4692691453623987,
    "rmse_std": 0.373127282855119,
    "mae_mean": 0.24750000000000094,
    "mae_std": 0.03436931771216807,
    "r2_folds": [
      0.0,
      0.0,
      -0.09090909090909127,
      0.0,
      0.0,
      -0.09090909090909127,
      0.0,
      0.0,
      0.0,
      -0.09090909090909127
    ]
  },
  "models": {
    "xgb_all": {
      "r2_mean": -0.027272727272727382,
      "r2_std": 0.04165977904505326,
      "rmse_mean": 0.7398360114638897,
      "rmse_std": 0.2967871248063506,
      "mae_mean": 0.3474522177378336,
      "mae_std": 0.09621752905246798,
      "r2_folds": [
        0.0,
        0.0,
        -0.09090909090909127,
        0.0,
        0.0,
        -0.09090909090909127,
        0.0,
        0.0,
        0.0,
        -0.09090909090909127
      ]
    },
    "xgb_mae": {
      "r2_mean": 0.6727272727272726,
      "r2_std": 0.49991734854063724,
      "rmse_mean": 0.31176914536239775,
      "rmse_std": 0.47623523599162604,
      "mae_mean": 0.08999999999999996,
      "mae_std": 0.13747727084867511,
      "r2_folds": [
        1.0,
        1.0,
        -0.09090909090909127,
        1.0,
        1.0,
        -0.09090909090909127,
        1.0,
        1.0,
        1.0,
        -0.09090909090909127
      ]
    },
    "xgb_k3": {
      "r2_mean": -0.027272727272727382,
      "r2_std": 0.04165977904505326,
      "rmse_mean": 0.4558290895152298,
      "rmse_std": 0.3821190729721529,
      "mae_mean": 0.234059944152832,
      "mae_std": 0.04484514823873765,
      "r2_folds": [
        0.0,
        0.0,
        -0.09090909090909127,
        0.0,
        0.0,
        -0.09090909090909127,
        0.0,
        0.0,
        0.0,
        -0.09090909090909127
      ]
    },
    "xgb_k5": {
      "r2_mean": -0.027272727272727382,
      "r2_std": 0.04165977904505326,
      "rmse_mean": 0.5217116736285196,
      "rmse_std": 0.3514264810146612,
      "mae_mean": 0.2284520371754964,
      "mae_std": 0.049966734703507244,
      "r2_folds": [
        0.0,
        0.0,
        -0.09090909090909127,
        0.0,
        0.0,
        -0.09090909090909127,
        0.0,
        0.0,
        0.0,
        -0.09090909090909127
      ]
    },
    "xgb_k8": {
      "r2_mean": -0.027272727272727382,
      "r2_std": 0.04165977904505326,
      "rmse_mean": 0.6913439818549985,
      "rmse_std": 0.2822610717776153,
      "mae_mean": 0.30351429621378573,
      "mae_std": 0.09700911201840577,
      "r2_folds": [
        0.0,
        0.0,
        -0.09090909090909127,
        0.0,
        0.0,
        -0.09090909090909127,
        0.0,
        0.0,
        0.0,
        -0.09090909090909127
      ]
    },
    "xgb_k10": {
      "r2_mean": -0.027272727272727382,
      "r2_std": 0.04165977904505326,
      "rmse_mean": 0.7751844690283962,
      "rmse_std": 0.2575231783618827,
      "mae_mean": 0.3571150843302408,
      "mae_std": 0.09321930126105579,
      "r2_folds": [
        0.0,
        0.0,
        -0.09090909090909127,
        0.0,
        0.0,
        -0.09090909090909127,
        0.0,
        0.0,
        0.0,
        -0.09090909090909127
      ]
    },
    "ridgecv": {
      "r2_mean": -0.027272727272727382,
      "r2_std": 0.04165977904505326,
      "rmse_mean": 0.654054460544007,
      "rmse_std": 0.3603398739782739,
      "mae_mean": 0.251727552318671,
      "mae_std": 0.03295190082303868,
      "r2_folds": [
        0.0,
        0.0,
        -0.09090909090909127,
        0.0,
        0.0,
        -0.09090909090909127,
        0.0,
        0.0,
        0.0,
        -0.09090909090909127
      ]
    },
    "elasticnet": {
      "r2_mean": -0.027272727272727382,
      "r2_std": 0.04165977904505326,
      "rmse_mean": 0.6287817356255563,
      "rmse_std": 0.3852696053664373,
      "mae_mean": 0.22986936372149902,
      "mae_std": 0.08196921606905756,
      "r2_folds": [
        0.0,
        0.0,
        -0.09090909090909127,
        0.0,
        0.0,
        -0.09090909090909127,
        0.0,
        0.0,
        0.0,
        -0.09090909090909127
      ]
    },
    "rf": {
      "r2_mean": -0.027272727272727382,
      "r2_std": 0.04165977904505326,
      "rmse_mean": 0.4627047998509933,
      "rmse_std": 0.3865840838928493,
      "mae_mean": 0.2091394921744908,
      "mae_std": 0.08772883216339528,
      "r2_folds": [
        0.0,
        0.0,
        -0.09090909090909127,
        0.0,
        0.0,
        -0.09090909090909127,
        0.0,
        0.0,
        0.0,
        -0.09090909090909127
      ]
    },
    "xgb_k5_log": {
      "r2_mean": -0.02727307406449029,
      "r2_std": 0.04166030877822123,
      "rmse_mean": 0.4835302510958739,
      "rmse_std": 0.36379155809440566,
      "mae_mean": 0.2617615127563476,
      "mae_std": 0.025034214689160877,
      "r2_folds": [
        0.0,
        0.0,
        -0.0909102468816343,
        0.0,
        0.0,
        -0.0909102468816343,
        0.0,
        0.0,
        0.0,
        -0.0909102468816343
      ]
    }
  },
  "best_model": {
    "name": "xgb_mae",
    "r2_mean": 0.6727272727272726,
    "r2_std": 0.49991734854063724,
    "rmse_mean": 0.31176914536239775,
    "rmse_std": 0.47623523599162604,
    "mae_mean": 0.08999999999999996,
    "mae_std": 0.13747727084867511,
    "r2_folds": [
      1.0,
      1.0,
      -0.09090909090909127,
      1.0,
      1.0,
      -0.09090909090909127,
      1.0,
      1.0,
      1.0,
      -0.09090909090909127
    ]
  }
}