y_true,y_pred,fold
0.6,0.6001378841599785,1
0.6,0.6004497288912213,1
0.6,0.6009759226365483,1
0.6,0.6001378935647154,2
0.6,0.6001378935647154,2
0.7,0.6927622593276943,2
0.6,0.600137630235862,3
0.6,0.600137630235862,3
0.7869999999999999,0.6493502872726321,3
0.6,0.6001384678776358,4
0.6,0.6001388597972317,4
0.6,0.6009699294406224,4
0.6,0.6001180016053769,5
0.6,0.6002506848722222,5
